model,mae,rmse
h6_ep50_bs64.pth,6.716320037841797,13.218643023070243
h12_ep50_bs64.pth,7.160543282826741,14.075168718082729
h6_ep30_bs64.pth,8.045503139495851,16.096769197409838
