model,dataset,horizon,mae,rmse
h6_ep50_bs64.pth,case_1,6,6.5451436042785645,13.06343155600988
h12_ep50_bs64.pth,case_1,12,8.478158950805664,16.251019724615553
h12_ep30_bs64.pth,case_1,12,9.00200080871582,18.231229142996725
h6_ep50_bs64.pth,case_2,6,7.862429618835449,16.794194916999036
h12_ep50_bs64.pth,case_2,12,7.697507858276367,16.281458994280023
h12_ep30_bs64.pth,case_2,12,9.327573776245117,18.361269849025966
h6_ep50_bs64.pth,case_3,6,4.6203413009643555,8.832798299840434
h12_ep50_bs64.pth,case_3,12,6.397794246673584,10.353465332185433
h12_ep30_bs64.pth,case_3,12,7.952743053436279,14.105349214565507
