model,mae,rmse
h6_ep50_bs64.pth,6.34263817469279,12.89680825761645
h12_ep50_bs64.pth,7.524487018585205,14.29531468369367
h12_ep30_bs64.pth,8.760772546132406,16.8992827355294
